First Name,EMail,City,Phone1
Sari,sdanilovic0@cdc.gov,Gununganyartambak Tengah,76
Dorothy,dbolf1@imageshack.us,Opatówek,23
Lilly,lbownass2@illinois.edu,Thị Trấn Nước Hai,20
Judas,jprinett3@delicious.com,Nový Bor,25
Royce,rburdus4@tripadvisor.com,Los Pinos,8
Dulcinea,dheiden5@altervista.org,Kalmar,33
Genvieve,gkemson6@ftc.gov,Tanjungsari Barat,44
Kiri,kvennings7@51.la,Qila Saifullāh,8
Andrei,apollack8@ebay.com,Buenos Aires,87
Pierrette,pcaudelier9@economist.com,Chengjiang,59
Buddie,btallyna@tumblr.com,Herrljunga,77
Orin,oelementb@telegraph.co.uk,Caçapava do Sul,1
Neale,ndimariac@cam.ac.uk,Jasieniec,36
Wandie,wroskelld@barnesandnoble.com,Tunggaoen Timur,58
Taryn,tyardye@sciencedaily.com,Vrachnaíika,51
Silvana,sfoxtonf@hud.gov,Chuanbu,82
Tomas,tovensg@nhs.uk,Guayabal,56
Fifine,frockcliffh@addthis.com,Solna,56
Nancie,nestoilei@devhub.com,Libice nad Cidlinou,24
Aloisia,araysj@taobao.com,Yunlong,100
Kaylyn,kspeedingk@blogtalkradio.com,Tomsk,24
Elliott,edarlingtonl@gravatar.com,Hengelo,90
Jerrine,jhedinm@infoseek.co.jp,Staryy Cherek,69
Natalya,ngarwelln@accuweather.com,Lazaro Cardenas,26
Sonnie,sarundello@tiny.cc,Al Ḩawāmidīyah,14
Brittni,bollenbuttelp@ftc.gov,Huacheng,66
Maurise,mtewkesburyq@smugmug.com,Lubao,77
Xenia,xrichier@disqus.com,Sexmoan,5
Jonas,jmilnthorpes@newsvine.com,Tianxin,23
Zeke,zkleynent@answers.com,Třemošnice,20
Erda,euttonu@wordpress.org,Båstad,43
Normie,nkerbeyv@skype.com,Brignoles,91
Aurelie,abeadnallw@prnewswire.com,Takāb,60
Gabey,gstealyx@globo.com,Carangola,41
Erny,ebrosioy@amazonaws.com,Banyue,20
Granthem,gworthyz@oaic.gov.au,Sinazongwe,56
Valera,vnucci10@ed.gov,Bogotá,80
Terry,ttaberner11@mtv.com,Chefchaouene,13
Levey,lpetrillo12@prweb.com,Misungwi,96
Trula,tvasile13@bluehost.com,San Rafael,74
Noelle,nseverns14@infoseek.co.jp,Mzimba,66
Trude,tsambells15@ezinearticles.com,Garça,55
Cordi,cedgar16@economist.com,Thành Phố Phủ Lý,64
Tess,tfass17@tinyurl.com,Bárrio,18
Martie,mcasetta18@home.pl,Juntang,34
Genvieve,gdorkin19@sourceforge.net,Tuban,98
Rossie,rocleary1a@constantcontact.com,Chartres,62
Cirstoforo,ccamden1b@sakura.ne.jp,Baytā al Fawqā,22
Sibilla,sburdoun1c@ca.gov,Sysert’,53
Rodi,rpaley1d@go.com,Reims,11
Elianore,eeastup1e@boston.com,Ḩajjah,97
Lucais,ldobrovolski1f@dion.ne.jp,Dengok,55
Saudra,swardesworth1g@redcross.org,Sousa,32
Rollo,rtippin1h@umn.edu,Santa Cruz,18
Adey,apawnsford1i@hhs.gov,Bulgan,45
Cecile,csweedland1j@seesaa.net,Burla,37
April,aphizakarley1k@ed.gov,Carabayllo,93
Bettina,bproschek1l@about.com,Rama,77
Hi,htruitt1m@nyu.edu,Lincha,85
Ernestine,ejackson1n@sourceforge.net,Nogent-sur-Marne,26
Merrile,mdalbey1o@mlb.com,Poissy,73
Rhys,rbrosnan1p@php.net,Seren Barat,41
Shepherd,sdillintone1q@unblog.fr,Konstantynów Łódzki,16
Harman,hpotteril1r@ow.ly,Morez,10
Geri,gtreffrey1s@microsoft.com,Soio,22
Mia,mcragoe1t@whitehouse.gov,Sanxixiang,83
Kimberli,kbrizland1u@mozilla.com,Krzyżowice,50
Nisse,ninnerstone1v@bbc.co.uk,Xintai,82
Reid,rtrevarthen1w@columbia.edu,Shijiazhai,89
Langston,lmurfin1x@e-recht24.de,Wangqinzhuang,51
Caron,csignoret1y@businesswire.com,Morrelgonj,79
Rochette,rsarl1z@parallels.com,Sukasetia,18
Joseph,jtremayle20@ask.com,Maria,48
Ilario,idowbiggin21@seesaa.net,Xinbei,4
Claudia,csabatier22@theatlantic.com,Sanshilipu,63
Tonya,tbertie23@google.com.br,Andrézieux-Bouthéon,51
Ximenez,xgalliver24@miitbeian.gov.cn,Kropotkin,61
Zeb,zlacky25@msu.edu,Belovo,2
Juliann,jketton26@hp.com,Calmar,39
Arlyne,amaisey27@apple.com,Luyi,83
Darbie,dfennell28@engadget.com,San Francisco,96
Byrom,bbarnsdale29@psu.edu,Nanqi,80
Colan,cdonn2a@ucoz.ru,Tabuating,8
Sheridan,sbaudou2b@rediff.com,Payxambabazar,52
Edithe,ebazelle2c@sciencedirect.com,Maicao,43
Aridatha,atitterington2d@cargocollective.com,Dahua,29
Reggie,rlouedey2e@newsvine.com,Bahir Dar,74
Malissia,mtumilson2f@live.com,Maythalūn,94
Brian,bhinsch2g@rediff.com,Rokytnice,83
Oneida,oyuryaev2h@vkontakte.ru,Bourges,95
Giffy,gscullin2i@printfriendly.com,Maglaj,62
Urbain,uphilippson2j@cpanel.net,Chishtiān Mandi,7
Babbie,bszymaniak2k@buzzfeed.com,Roanne,32
Wendye,wscolland2l@nifty.com,Tatariv,30
Aube,akeyho2m@google.it,Pedroso,97
Mayne,mkeijser2n@phpbb.com,‘Ubāl,90
Leif,lmctrustey2o@dell.com,Mós,51
Darby,dkleyn2p@cam.ac.uk,Miaoyu,31
Alejandrina,adyson2q@blogs.com,Xianrendu,34
Casar,csoule2r@booking.com,Ndungu,4
Karilynn,kenevoldsen2s@statcounter.com,Duhu,21
Abran,aesson2t@mozilla.org,São Pedro,92
Marijo,meckert2u@flavors.me,Arboga,56
Lorette,lmccrea2v@kickstarter.com,Lin’an,25
Nelle,nskittrall2w@opensource.org,Jhumra,33
Libbi,lyushmanov2x@angelfire.com,Oemanu,78
Beck,bstowte2y@delicious.com,Yambol,21
Salli,scumine2z@cbc.ca,Loen,40
Cully,cboar30@aol.com,Bāgh-e Maīdān,96
Edward,eklassman31@nba.com,Berlin,76
Roger,rmcniven32@prnewswire.com,Nezvěstice,9
Marlee,mhorsey33@imdb.com,Pustomyty,48
Tibold,tjanicek34@cmu.edu,Lấp Vò,91
Julee,jbertson35@google.es,Nong Bun Nak,17
Candice,cgostall36@marketwatch.com,Jiulian,97
Shirlee,sbeeres37@ovh.net,Fengshan,80
Joletta,jreadshall38@jimdo.com,Vila Ribeiro,97
Brody,bfretwell39@answers.com,Itumbiara,86
Lillis,lspinetti3a@youtu.be,Panjir,38
Dedra,dscoggins3b@liveinternet.ru,Shinao,68
Cale,cbelin3c@addthis.com,Ettelbruck,61
Daffy,dgaul3d@acquirethisname.com,Zapala,83
Luise,lscamadin3e@miitbeian.gov.cn,Žatec,79
Lacee,lmoreinis3f@networksolutions.com,Tenggun Dajah,86
Veriee,vcaitlin3g@nydailynews.com,Al Fandaqūmīyah,12
Kelsey,kiliffe3h@nbcnews.com,Pujijie,29
Clarabelle,cdaw3i@shutterfly.com,Yonezawa,86
Darren,deul3j@virginia.edu,Dongjin,86
Nicola,nkirrage3k@google.co.jp,Vladivostok,20
Cherye,cbreakspear3l@prweb.com,Świnna,4
Bendicty,biveagh3m@ftc.gov,Nato,51
Emmalee,eknapman3n@ft.com,Salamnunggal,13
Elfrida,egladdor3o@cnet.com,Nedryhayliv,21
Gunar,gkiendl3p@mayoclinic.com,Chon Buri,29
Mike,mbottlestone3q@plala.or.jp,Longquan,31
Ravid,rmacgaughie3r@whitehouse.gov,Vidin,18
Abbe,amorehall3s@discuz.net,Dongyuan,17
Nicolai,nlathy3t@ca.gov,Pokrovka,81
Carrissa,cfownes3u@umich.edu,El Agua Dulcita,51
Corabella,candor3v@youtube.com,Jefferson City,100
Syman,sdood3w@drupal.org,Portsmouth,34
Dixie,dpindar3x@plala.or.jp,Boji,1
Rayshell,rhegel3y@alexa.com,Sifala,88
Morie,mstrathman3z@mail.ru,Vodstroy,11
Ronalda,rcavy40@flickr.com,Xubao,16
Siward,spayn41@blinklist.com,Vale da Bajouca,78
Leta,lpatrono42@icio.us,Terenozek,54
Aldrich,arown43@upenn.edu,Jitan,40
Tarrah,twickwarth44@themeforest.net,Hetang,56
Burgess,bhellmer45@slashdot.org,Wuying,22
Leonhard,lliptrod46@jugem.jp,Balekersukamaju,91
Sonya,slemerie47@pen.io,Fuming,98
Raine,rspears48@google.com.au,Cape Coast,52
Boycey,bcromb49@uiuc.edu,Choroszcz,53
Rhodia,rskate4a@cisco.com,Sundbyberg,96
Danella,dnorrey4b@cpanel.net,Avellaneda,21
Lorilyn,lstirgess4c@sun.com,Tamamura,67
Gaven,gcaton4d@t-online.de,Bergen op Zoom,64
Brod,bmasi4e@businesswire.com,Lazaro Cardenas,89
Zola,zliddicoat4f@state.gov,Qinggis Han,65
Vivianna,vrowdell4g@geocities.jp,Vila Fria,48
Kelsey,kspicer4h@noaa.gov,Columbus,54
Trescha,tbassill4i@zimbio.com,Ourtzagh,2
Chauncey,cbinyon4j@xing.com,Jardoeira,5
Koral,kshovelton4k@blinklist.com,Song’ao,18
Honey,htomczykiewicz4l@guardian.co.uk,Nanling,1
Rogerio,rmillier4m@home.pl,Dromiskin,7
Bondie,bcosten4n@mozilla.com,Skellefteå,18
Rubia,rbaribal4o@amazonaws.com,Lesnoye,18
Domini,dthoday4p@constantcontact.com,Cabagan,41
Cam,csouten4q@senate.gov,Pishaj,73
Jessie,jgemelli4r@jimdo.com,Wadi Kidul,91
Eduard,esnedker4s@g.co,Frederiksberg,49
Ashley,ahenrichs4t@mysql.com,Nirgua,79
Rosamond,rmcgarry4u@homestead.com,Cerrito,87
Gilburt,gkaman4v@vkontakte.ru,Tynne,1
Ced,cfanning4w@nsw.gov.au,Otradnoye,67
Karlotta,kballham4x@utexas.edu,Unión,48
Floyd,fdurrant4y@seattletimes.com,Jönköping,41
Faulkner,farthurs4z@auda.org.au,Moita,63
Rochelle,rmeakes50@fema.gov,Phoenix,96
Erasmus,elampkin51@qq.com,Huyuan,84
Marigold,mkeirl52@abc.net.au,Prigi,43
Nikita,nbotting53@rakuten.co.jp,Chacapalpa,74
Daveen,dsoftley54@samsung.com,Pétionville,30
Mignonne,mpikesley55@xing.com,Huiwen,10
Ashby,abole56@ebay.co.uk,Larap,47
Giacobo,gshreve57@usgs.gov,Wuyang,41
Rurik,rdobbs58@thetimes.co.uk,Kizel,75
Madelin,mbuten59@toplist.cz,Acheng,90
Jeanne,jadamides5a@tiny.cc,Mijiang,43
Fern,fivakhno5b@google.com,Timur,50
Claudio,cstoggell5c@google.it,Bilajari,94
Valerie,vteggin5d@csmonitor.com,Chernomorets,98
Pavel,pmoisey5e@hao123.com,Douane,99
Ashlen,atwentyman5f@prlog.org,Stockholm,43
Clari,cborrow5g@parallels.com,Baćkowice,6
Lucila,lscotson5h@last.fm,Towa,99
Mallory,mmarriage5i@xing.com,Turkestan,41
Jami,jnotton5j@jugem.jp,Gorzów Wielkopolski,44
Dori,dwilding5k@loc.gov,Karangbaru,89
Ivar,ifarlambe5l@diigo.com,Glazov,96
Viv,vargile5m@usatoday.com,Kotabaru,2
Mayor,mcribbin5n@unc.edu,Old Kilcullen,83
Sharron,sseaton5o@ucsd.edu,Itápolis,18
Faydra,fbothie5p@nytimes.com,Mariano Moreno,34
Fleming,fverdy5q@youku.com,Klavdiyevo-Tarasove,74
Genevra,ggladbach5r@prlog.org,Langnga,15
Eimile,erickerd5s@pinterest.com,Sertolovo,92
Adda,apaler5t@newsvine.com,Jiantang,29
Jewell,jdorow5u@mapy.cz,Jarry,24
Shalne,staffarello5v@dyndns.org,Jiqu,57
Angelina,afenlon5w@usa.gov,Guaíba,37
Hillyer,hantonijevic5x@army.mil,Tene,18
Chantal,cdewinton5y@cornell.edu,Biryukove,40
Maximilien,mrains5z@umich.edu,Vista Hermosa,32
Joceline,jrude60@digg.com,Chorkówka,17
Inessa,iversey61@shutterfly.com,Várzea da Serra,30
Alard,alekeux62@mit.edu,Zelenoborskiy,43
Wash,wgornar63@ted.com,Oepuah,25
Otho,opeter64@stumbleupon.com,Bergen,96
Yovonnda,ytrude65@pbs.org,Lübeck,10
Andras,aroyds66@webmd.com,Adolfo Lopez Mateos,19
Montague,mrackham67@google.it,Nis’oni,59
Chiarra,cdelion68@nbcnews.com,Āsasa,79
Ailyn,asalzen69@desdev.cn,Benito Juarez,7
Travus,tcoltan6a@walmart.com,Macon,100
Lexine,llufkin6b@wordpress.com,Rafael Hernandez Ochoa,71
Cymbre,channum6c@cafepress.com,Guaranda,58
Estevan,emcclary6d@posterous.com,As Suqaylibīyah,10
Violette,vmerryfield6e@smugmug.com,Kisai,32
Catherine,cboult6f@nytimes.com,Wołomin,53
Sheree,sgeaves6g@google.ca,Setono,78
Paulita,pmalek6h@parallels.com,Sūq Sibāḩ,19
Hollyanne,hport6i@mashable.com,Xinó Neró,1
Fredra,fcuvley6j@hatena.ne.jp,Waru Selatan,90
Miran,mwarrener6k@unesco.org,Limoeiro de Anadia,40
Jo,jsearjeant6l@cdbaby.com,Siquanpu,44
Kalvin,kbasile6m@jugem.jp,Batanamang,27
Dicky,dstoyles6n@abc.net.au,Gul’cha,73
Aurelia,aneighbour6o@dyndns.org,Nam Sách,26
Selena,stamblingson6p@usgs.gov,Dongguang,82
Jesus,jriteley6q@netvibes.com,Xiyuan,70
Gail,gdenver6r@ihg.com,Sidomekar,72
Hobard,hmaryin6s@berkeley.edu,Sumilao,76
Rycca,rstansby6t@chicagotribune.com,Dayapan,2
Tess,tdraycott6u@bloomberg.com,Sionogan,41
Vernon,vwaite6v@discovery.com,Jayyūs,29
Wendi,wpendell6w@so-net.ne.jp,Oliveira do Conde,97
Lissa,lfranzonetti6x@linkedin.com,Sunnyvale,21
Inge,inegal6y@wikia.com,Xia Zanggor,86
Fernanda,fbrane6z@wikimedia.org,Petropavlovsk,72
Kimberlee,ksimison70@etsy.com,Beigao,4
Tybalt,togavin71@tamu.edu,Pedro Juan Caballero,3
Beniamino,bverny72@gravatar.com,Kassala,60
Tybie,tswabey73@skyrock.com,President Roxas,2
Josselyn,jlaurand74@about.com,Pappádos,58
Matthaeus,mpabst75@microsoft.com,Zürich,21
Carlee,cbeckworth76@ustream.tv,Pleven,17
Berty,bnovotna77@furl.net,Citampian,74
Reed,rbranca78@google.it,Si’erbao,24
Yardley,ymartelet79@google.com.br,El Socorro,63
Dodie,dfermor7a@hhs.gov,Longquan,94
Celle,cissacov7b@google.com.hk,Sitajara,10
Rob,rbartlosz7c@meetup.com,Dykan’ka,90
Virgilio,vmieville7d@nsw.gov.au,Sidzina,5
Virgil,vmollatt7e@pbs.org,Cacoal,63
Creighton,crodrigo7f@mediafire.com,Xinzhuang,90
Cherilynn,cupton7g@whitehouse.gov,Le Pontet,32
Nancie,nbowdon7h@livejournal.com,Linxia Chengguanzhen,72
Sigismond,sfairlem7i@loc.gov,Machalí,37
Bruno,bmarson7j@unicef.org,Madang,96
Garner,ghuie7k@myspace.com,Makabe,31
Tasia,tmeeke7l@paginegialle.it,Sinamar,93
Jose,jrobecon7m@php.net,Jingyang,83
Andy,aprosh7n@gnu.org,Cidadap,22
Flem,fcossentine7o@123-reg.co.uk,Khandagayty,94
Amble,aalexsandrev7p@virginia.edu,Zagórnik,84
Elva,eentissle7q@howstuffworks.com,Mont-de-Marsan,46
Kaitlynn,kbowland7r@blogtalkradio.com,Poste de Flacq,48
Romy,rmacwhirter7s@europa.eu,Wailebe,72
Brew,bsymcox7t@google.fr,Rayong,86
Dion,dswyn7u@freewebs.com,Sambirejo,89
Fay,flyle7v@netvibes.com,Ḩajjah,26
Rudyard,rtethcote7w@aol.com,Henggang,100
Leanna,lsoame7x@dion.ne.jp,Al Maḩjal,81
Nat,nskuce7y@time.com,Jardin,27
Barbabas,bwilkinson7z@japanpost.jp,Jiuchi,14
Leodora,llarmor80@gmpg.org,Matala,36
Gregorio,gtrowell81@rediff.com,Palmerston North,28
Edi,ewais82@go.com,Kadusirung Hilir,67
Xena,xharbage83@barnesandnoble.com,Rasskazovo,83
Dov,dearry84@narod.ru,Lékoni,56
Daisey,dmcginn85@a8.net,Shreveport,3
Jamison,jsoppett86@bloglines.com,Punsu,45
Millard,mpaulillo87@sogou.com,Xihuachi,97
Kaleb,khuetson88@parallels.com,Dawa-Dawa,89
Inigo,ibuddle89@cbslocal.com,San Pedro,84
Fletch,ffaulds8a@uiuc.edu,Kaeng Khro,98
Hynda,hbarnewell8b@census.gov,Gemblengmulyo,51
Amandi,ahourican8c@alibaba.com,Guayabal de Síquima,64
Julina,jheinish8d@howstuffworks.com,Ziyang,7
Alphonse,amaccallister8e@alibaba.com,Vellinge,61
Bobbee,bhalahan8f@deliciousdays.com,Chruszczobród,51
Margette,mrossin8g@paginegialle.it,Liujiachang,100
Allis,apraundl8h@economist.com,Kerema,69
Hayyim,hmapham8i@vkontakte.ru,Bergem,10
Denver,dashfield8j@globo.com,Adani,66
Anthe,akleynermans8k@ameblo.jp,Yangxi,74
Letta,lroll8l@1und1.de,Pangal Sur,27
Julio,jpellamonuten8m@elegantthemes.com,Kristiansand S,1
Sabina,shinsche8n@instagram.com,Tanjungampalu,42
Garvey,gpowelee8o@barnesandnoble.com,Otradnyy,70
Waly,wkahen8p@ameblo.jp,Samdo,52
Matthiew,mdanneil8q@github.com,Kavarna,65
Jasen,jkeerl8r@livejournal.com,Rio Brilhante,68
Sebastian,sbrownsett8s@comsenz.com,Dacudao,31
Aaren,aleavold8t@constantcontact.com,Xiayang,91
Emory,eeam8u@mashable.com,Kurashiki,72
Gwennie,gdenyukhin8v@wikia.com,Baoxu,51
Timothea,twhetnall8w@ucoz.com,Düsseldorf,81
Devinne,divanikhin8x@squidoo.com,Tuusula,14
Cami,cfalkinder8y@shareasale.com,Stari Lec,43
Paquito,pmattussevich8z@answers.com,Zhongguanyi,3
Gordon,gelcy90@epa.gov,Itapira,54
Donal,dneicho91@flavors.me,Toba,30
Stirling,snormandale92@accuweather.com,Marcara,20
Mel,mcoulter93@cloudflare.com,Jetis,78
Patrice,ppally94@edublogs.org,Granada,86
Fleur,fkinnard95@wordpress.com,Pengfang,44
Zulema,zhaskew96@canalblog.com,Datian,24
Ashlie,ajacobsz97@usnews.com,Santa Gertrudes,36
Sheridan,shakes98@guardian.co.uk,Putat Lor,71
Kym,kmclelland99@si.edu,Lago,83
Kaitlynn,kpilipyak9a@issuu.com,Krajan Pakel,65
Bartram,bpaul9b@livejournal.com,Maizuru,57
Sadella,salekseicik9c@google.com.br,Addis Ababa,88
Brig,bvidloc9d@telegraph.co.uk,Manassas,79
Ki,kbonde9e@booking.com,Praimarada,82
Urbain,umerigot9f@infoseek.co.jp,Jinniu,82
Raoul,rpate9g@marketwatch.com,Xinfeng,9
Cassaundra,cpruckner9h@bizjournals.com,Babakanjaya,22
Breena,bhacard9i@utexas.edu,Damatou,86
Jess,jriveles9j@scientificamerican.com,Buenavista,17
Pandora,psommers9k@msn.com,Quaraí,60
Brittney,bczajkowski9l@liveinternet.ru,Cawayan,16
Mag,mlarter9m@irs.gov,Issy-les-Moulineaux,39
Brody,bsweed9n@cbsnews.com,Tekik Wetan,19
Isadora,imetham9o@google.com.au,Quinocay,74
Grant,gclaisse9p@geocities.jp,Saint Pierre,24
Lauri,lswinburn9q@accuweather.com,Três Rios,42
Halette,hmarjoram9r@hugedomains.com,Fantan,2
Dani,dary9s@instagram.com,Minas de Marcona,60
Lincoln,lmacgeaney9t@harvard.edu,Kraljevica,62
May,mleebeter9u@goo.gl,Tobi Village,58
Alyson,asouthan9v@bloglovin.com,Chenji,86
Thane,tgrimbleby9w@bing.com,Tenancingo,22
Giacobo,gpikett9x@wunderground.com,Upton,3
Carolan,cconelly9y@last.fm,Zhongpai,20
Janeta,jskacel9z@plala.or.jp,Gentilly,18
Muire,mmendeza0@topsy.com,Bobadela,46
Kylen,ksterleya1@merriam-webster.com,Cotmon,29
Doro,delcoma2@msn.com,Zaolin,43
Odell,olisciandroa3@cnbc.com,Suzaka,17
Ulrick,uchasmera4@archive.org,Padre Bernardo,16
Chaddy,cknightsbridgea5@wikipedia.org,Da’an,23
Nadeen,nbergena6@hc360.com,Kitwe,92
Camile,ckearneya7@blinklist.com,Guleluke,61
Lorie,lpennonea8@microsoft.com,Miyoshi,14
Jameson,jcowiea9@google.fr,Derbent,41
Kingsley,kqualtroaa@google.ru,Beihe,61
Elbert,etommasuzziab@godaddy.com,Baixiang,23
Jaquelin,jescalanteac@vistaprint.com,Chenggan,43
Cobb,clongbottomad@twitpic.com,Piaski,21
Darsey,dbredesae@dell.com,Mawlamyine,28
Edouard,efriedenbachaf@meetup.com,Ambositra,66
Reed,rlefeuvreag@liveinternet.ru,Chile Chico,56
Sarah,sdellabbateah@artisteer.com,Mamer,100
Manya,myoslowitzai@posterous.com,Araripina,22
Bev,bhorrellaj@youku.com,Zhangqiang,3
Chrysa,cburnsellak@ask.com,Katuli,39
Claudianus,ccaughtal@fc2.com,Sibayo,69
Caitrin,cshilitoam@tamu.edu,La Colorada,39
Cathe,cdulantyan@e-recht24.de,Dungloe,23
Dusty,dbullockao@army.mil,Sandao,17
Lyndsie,ldreossiap@smh.com.au,Klang,46
Gusty,gharmstoneaq@guardian.co.uk,Xam Nua,51
Deane,dkayear@tinyurl.com,Roissy Charles-de-Gaulle,92
Fanchette,fjakubovskias@yellowbook.com,Trujillo,32
Natasha,neuelsat@ed.gov,Aksu,43
Thomasin,tfilonau@imdb.com,Pau,70
Netty,nstaigav@lulu.com,Byczyna,61
Nickolaus,nharleyaw@hc360.com,Krrabë,55
Manfred,mcarnihanax@com.com,Lagoa de Albufeira,14
Elga,ehuetsonay@bizjournals.com,Pashiya,6
Brocky,bmollittaz@devhub.com,Hilversum,50
Iosep,iadlingtonb0@deliciousdays.com,Huicheng,19
Kylie,ksimab1@dropbox.com,Nanggela,98
Charlotte,ccoveneyb2@wordpress.org,Bulod,81
Emyle,easipenkob3@hud.gov,Ad Dilam,40
Clarice,cahernb4@zimbio.com,Apartadó,15
Dasya,dguichardb5@mapy.cz,Bemposta,44
Bord,bguthrieb6@over-blog.com,Täby,93
Hilario,hmorgenb7@hp.com,Citeguh,54
Nadia,ncindereyb8@acquirethisname.com,Lennec,98
Shelia,saddinallb9@g.co,Montongtebolak,16
Morgen,mstummeyerba@mlb.com,Alajuela,81
Clyve,clottbb@cloudflare.com,Baton Rouge,44
Larry,lmcairtbc@patch.com,Lazaro Cardenas,49
Dorian,ddrewettbd@naver.com,Agen,75
Pattie,plillywhitebe@cdbaby.com,Miami,80
Montgomery,mkeslakebf@discovery.com,Dali,46
Drusie,dpetrakovbg@phpbb.com,Starobin,53
Leann,lleckenbybh@google.com.hk,Cirompang,10
Arabella,ascrowbybi@so-net.ne.jp,Ishigaki,14
Kayla,kerteltbj@sina.com.cn,Koh Tao,8
Judy,jvanrossbk@sohu.com,Samuhú,90
Cleveland,caitkinbl@blogger.com,Marseille,91
Sibella,sheinshbm@mit.edu,Blois,19
Robinet,rjorebn@forbes.com,Garland,2
Tades,tjanewbo@fastcompany.com,Xinminxiang,73
Philomena,psweenybp@hexun.com,Komorów,43
Angelle,ayoskowitzbq@zimbio.com,Golug,72
Barney,bbuglarbr@acquirethisname.com,Liwan,49
Donalt,dmaidlowbs@pinterest.com,Saint-Pierre,100
Dionysus,dlongworthybt@google.pl,Robīt,75
Anabella,ariguardbu@indiatimes.com,Šentilj v Slov. Goricah,100
Gwenny,gdobbybv@tumblr.com,Huainan,94
Gabe,gpotellbw@a8.net,Cidikit Girang,90
Skye,swalterbx@admin.ch,Eger,87
Sibyl,salanby@jimdo.com,Porto Martins,61
Kayne,klarsenbz@ucoz.ru,Yanmen,49
Chance,creinhartc0@google.es,Qingkou,50
Joseito,jcaslanec1@weebly.com,Zhongxinqiao,74
Linn,lgraystonc2@prlog.org,Kista,65
Jessa,jpassbyc3@issuu.com,Moca,20
Bryon,bedwardsonc4@free.fr,Pontes e Lacerda,90
Melvin,mspringthorpec5@vkontakte.ru,Vođinci,59
Uri,uvolkersc6@blogspot.com,Osięciny,98
Silvana,ssteablerc7@dmoz.org,Conchagua,15
Afton,akitterc8@imageshack.us,Langkapcaang Hilir,30
Meta,mhowseleec9@meetup.com,Xinsheng,46
Kennett,kledwidgeca@edublogs.org,Staroshcherbinovskaya,12
Dory,dkernarcb@toplist.cz,Garland,2
Carlo,cnaisbetcc@infoseek.co.jp,Lebedyn,98
Hedda,hjeckellscd@w3.org,Burao,73
Sybille,stiptonce@seesaa.net,Nanding,24
Manuel,mdellcasacf@blinklist.com,Bhamo,84
Ferd,fcrosgrovecg@whitehouse.gov,Conceição do Coité,7
Thorny,tblakesleych@yahoo.com,Niort,62
Tab,ttrulockci@studiopress.com,Olo,88
Linea,ldelacotecj@barnesandnoble.com,Kwolla,49
Raffaello,rritzmanck@bbc.co.uk,Xinhua,86
Malachi,mhehircl@springer.com,Chenzhou,21
Ardelis,aflorycm@csmonitor.com,Manzanillo,13
Kevon,kfraniescn@reddit.com,Agusan,74
Dina,dmuinoco@youtube.com,Pasadena,53
Danni,dnutleycp@youtube.com,Baiyang,18
Denys,dmangamcq@wordpress.org,Dragomer,55
Leela,llearmondcr@zimbio.com,Shilong,34
Rudolfo,rrouselcs@goo.ne.jp,Uppsala,30
Betsy,bjindracekct@ovh.net,Rusnė,44
Lewie,lmatecu@soundcloud.com,Jatiwangi,11
Puff,pdosdalecv@pinterest.com,Bor,16
Violet,vangrovecw@a8.net,Książ Wielkopolski,68
Gregory,ggerrencx@so-net.ne.jp,Yam,2
Beverie,bgowingcy@bloglines.com,Vuokatti,93
Bernardine,bprestiecz@diigo.com,Xinwan,41
Casey,cmackinderd0@yolasite.com,Vale Flores,49
Grove,gfobidged1@tuttocitta.it,Pietermaritzburg,34
Evelin,ebaisond2@foxnews.com,Ostroměř,22
Alis,amcelread3@imgur.com,Velké Karlovice,87
Edi,ehilld4@yolasite.com,Pajala,90
Ernesto,eoneald5@spiegel.de,Duodaoshi,76
Davida,dstribblingd6@technorati.com,Kohtla-Järve,56
Curt,cskittlesd7@amazon.de,Sumberagung,85
Gerty,gspikeingsd8@examiner.com,Mafa,34
Wilhelmine,wfattorinid9@timesonline.co.uk,Samho-rodongjagu,22
Sydney,skobada@squarespace.com,Lombog,88
Filmer,fmarcodb@apple.com,Tauranga,89
Winfield,wyockneydc@mail.ru,Curvelo,41
Renault,rsurfleetdd@artisteer.com,Wushan,38
Daile,demptagede@sfgate.com,Loutrós,3
Georgetta,gtrundledf@slashdot.org,Kuching,75
Lucius,lwitherupdg@oracle.com,Pyatovskiy,32
Mari,mfeyedh@yellowpages.com,Lubuagan,35
Leyla,ldarrigodi@squarespace.com,Abū Mūsā,94
Warner,wgrayleydj@mapquest.com,Sexiong,69
Gerrie,gcrossdk@yelp.com,Lopez Jaena,71
Pauletta,pidadl@purevolume.com,Callao,98
Shay,smerringdm@opensource.org,Al Mazra‘ah ash Sharqīyah,45
Hatty,hsutherandn@nature.com,Boshof,28
Nerta,nbrattando@smh.com.au,Cijambe,47
Flss,fkermottdp@edublogs.org,Hushaat,23
Artemus,awridedq@google.co.jp,Bastia,25
Lucius,lgraalmandr@weather.com,Kingston,54
Eileen,etarrantds@noaa.gov,Rawasan,13
Melina,mcaghandt@weather.com,Comodoro Rivadavia,45
Arda,acampanydu@dot.gov,Tangwei,25
Rustin,rupwarddv@nhs.uk,Kaliuda,59
Jesselyn,jgrandhamdw@mapquest.com,Tajimi,61
Sutherland,spennuzzidx@nps.gov,Boston,93
Eba,ewillavoysdy@washington.edu,Sanhe,11
Nehemiah,ncovelldz@nytimes.com,Krutja e Poshtme,64
Ronny,rphaupe0@seattletimes.com,Pyinmana,3
Dexter,dwilsone1@discovery.com,Qingliu,14
Zaria,zcrummaye2@naver.com,Tulay na Lupa,34
Evangelia,ebreachee3@simplemachines.org,Fort Pierce,95
Benjamin,bkinleysidee4@pcworld.com,Vaggeryd,2
Briny,bpinnione5@vkontakte.ru,Września,55
Marcos,mlettene6@t-online.de,Letlhakeng,37
Claresta,cdelucae7@google.com.au,Formosa do Rio Preto,98
Corinna,cmoynee8@cpanel.net,Kampungbajo,39
Elden,eburresse9@stanford.edu,Xindian,83
Amelita,ameachenea@sbwire.com,Çobansığnaq,86
Shirlene,soveralleb@mlb.com,Buurhakaba,47
Elfie,egarhamec@reuters.com,Kifrī,23
Kimberlyn,kgreliked@rediff.com,Changfa,77
Gusti,gdalliganee@npr.org,Baun,76
Inger,ispontonef@google.co.jp,Daqiao,23
Patsy,pgarleyeg@blinklist.com,Idi Rayeuk,55
Baldwin,bcicchilloeh@weather.com,Sandao,97
Benji,bdrillingcourtei@rediff.com,Calceta,74
Antoinette,akleisej@newsvine.com,Nioki,49
Arman,acrowderek@globo.com,Pivovarikha,6
Dulci,ddoerrenel@ox.ac.uk,Parrita,64
Thayne,twindmillem@google.es,Créteil,20
Peggi,pdupoyen@pcworld.com,"Hospitalet De Llobregat, L'",87
Garold,gebbeneo@live.com,Huilong,16
Anthea,ahammarbergep@biglobe.ne.jp,Spétses,100
Madlen,maldayeq@irs.gov,Torrão,75
Odell,onorquoyer@oakley.com,Chongru,100
Palmer,pskippes@bloomberg.com,Purwosari,48
Arabele,agardneret@quantcast.com,Zorak,65
Quinn,qdaspareu@fda.gov,Jakobstad,23
Wayland,wwetternev@fema.gov,Xiliu,45
Glenine,gbatsfordew@indiatimes.com,Ko Pha Ngan,83
Alayne,agebbyex@psu.edu,Robonkon,34
Grenville,gleslyey@mapy.cz,Nacaome,45
Nev,nrubinovitchez@foxnews.com,San Bernardino,56
Julian,jdehailesf0@sitemeter.com,Denton,28
Rochette,rschapirof1@msu.edu,Longjumeau,14
Kacey,kyurygynf2@japanpost.jp,Tornio,83
Marchelle,mlarhamf3@themeforest.net,Metsavan,14
Layla,lmarrianf4@dropbox.com,Cidadap,19
Aristotle,acoalef5@youtu.be,Uchiza,36
Kilian,kpankethmanf6@istockphoto.com,Luwan,85
Genny,gguillotf7@surveymonkey.com,Kostrovo,28
Bobbette,bstansbyf8@squidoo.com,Molodohvardiys’k,86
Harlene,harisf9@bbb.org,Waru,74
Esme,ewerendellfa@dailymotion.com,Sajan,63
Bea,bbonaviafb@reuters.com,Wangmang,36
Angy,aghelarduccifc@amazon.com,Shicheng,9
Ernaline,ehaddletonfd@state.gov,Kaliuda,61
Dmitri,droncellife@fastcompany.com,Zhicheng,53
Maible,mnafzigerff@typepad.com,Al Qūşīyah,29
Haily,hfidalfg@biblegateway.com,Şafāshahr,95
Alexina,aedefh@princeton.edu,Chagoda,63
Sig,shairsinefi@wired.com,Etten-Leur,61
Opal,okiplingfj@yolasite.com,Siemiechów,49
Kali,kpulverfk@miibeian.gov.cn,Amsterdam Binnenstad en Oostelijk Havengebied,8
Zondra,zbuttressfl@e-recht24.de,Gyamco,75
Toma,tkeatchfm@amazonaws.com,Nuuk,93
Gareth,gstrongefn@mit.edu,Xubao,82
Flore,fmoriartyfo@yelp.com,Hřebeč,88
Etan,ekinmanfp@posterous.com,Smederevska Palanka,23
Madella,mdobeyfq@github.io,Ngulahan,26
Morrie,mreaneyfr@pbs.org,Wongka,85
Tailor,tbythewayfs@lulu.com,Thul,97
Verile,vmacshirrieft@ftc.gov,Hexing,11
Jacenta,jkhilkovfu@tripadvisor.com,Luoxi,45
Nappie,nmcfeefv@printfriendly.com,Mosty,26
Melony,mfernezfw@chicagotribune.com,Xinle,16
Marybeth,mdukerfx@hhs.gov,Nanxia,11
Dur,djackesfy@tinyurl.com,Beni Khiar,81
Jany,jjaxonfz@naver.com,Parung,85
Thom,tjimsong0@privacy.gov.au,Bel Air Rivière Sèche,2
Debee,dtullyg1@prlog.org,Karabash,49
Julianna,jbrunskillg2@cdbaby.com,Guhua,40
Derrik,dgapperg3@mysql.com,Belogorsk,47
Tymon,tsuattg4@upenn.edu,Zubin Potok,79
Harman,hbriddleg5@washington.edu,Napnapan,54
Elfrieda,eendricig6@wikimedia.org,Kobrinskoye,56
Stoddard,sheffernong7@com.com,Cinangka,59
Christiane,cjeffcockg8@woothemes.com,Xiaojiangba,27
Moore,mdunsmuirg9@nyu.edu,Al Ghandūrah,90
Ivett,isaundercockga@sourceforge.net,Jingshan,67
Edd,ebracergb@nba.com,Khóra,4
Bev,bpogc@si.edu,Shigu,86
Pincas,pspaughtongd@altervista.org,Sherbrooke,26
Karla,kduferiege@shop-pro.jp,Dengfeng,86
Chandra,ctreweekgf@jugem.jp,Sabana de Parra,10
Twyla,tmcgriffingg@trellian.com,Aix-en-Provence,82
Bette,bnucatorgh@ebay.com,Dubti,20
Carole,cdreigi@stumbleupon.com,Tuatuka,77
Koren,khordergj@shutterfly.com,Yantongtun,98
Starlin,stoplingk@ca.gov,Šentvid pri Stični,50
Aloysia,astotegl@bbb.org,Tarbes,9
Rustin,rochiltreegm@opera.com,Staraya Kupavna,76
Dolf,dusmargn@bluehost.com,Linstead,15
Casandra,churseygo@twitter.com,Roma,79
Laina,lsarrellgp@addthis.com,Karajeun,49
Obie,odimmergq@google.cn,Osięciny,71
Waylin,wmcconvillegr@1und1.de,Mekkaw,72
Rees,rsleefordgs@arizona.edu,Kesamben,70
Eldridge,erosenauergt@bravesites.com,Jiworejo,10
Dotty,dglavisgu@csmonitor.com,Dera Murād Jamāli,12
Bernadine,bosbandgv@wufoo.com,Qiucun,16
Becka,bhabbeshawgw@facebook.com,Banjar Dukuh,83
Mohammed,mdarthgx@tamu.edu,Bayt al ‘Awābī,90
Tabbie,tboardmangy@technorati.com,Mancilang,97
Kip,khodgingz@usnews.com,Lichtenburg,60
Gabriellia,ghonschh0@apache.org,Zagazig,29
Steffie,sfinkleh1@sciencedirect.com,Shifang,40
Reggis,rdashkovichh2@shareasale.com,Brades,35
Tory,tguillardh3@psu.edu,Tabuadelo,16
Valentine,vklaessonh4@google.cn,Sanlian,25
Olag,ostanbridgeh5@tinyurl.com,Söderhamn,78
Stacy,sdannh6@parallels.com,Praia da Vagueira,73
Shawnee,sivanh7@apple.com,La Mesa,59
Hercule,hhamillh8@blogger.com,Przystajń,1
Viki,vpahlh9@blinklist.com,Lingdong,38
Kitti,koronanha@hc360.com,Semanding,26
Ricoriki,rhendrikhb@qq.com,Cocachacra,60
Randolph,raltonhc@marriott.com,Nikolayevsk,77
Gerardo,gbowickhd@blinklist.com,Matangshan,52
Dee,dlyfehe@joomla.org,Pendawanbaru,28
Clementius,carnohf@imageshack.us,Barţa‘ah ash Sharqīyah,29
Arabella,abarthothg@cargocollective.com,Shchëkino,92
Doria,dplailhh@sohu.com,Šumice,51
Wang,wbickerstaffhi@tmall.com,Eirado,50
Jeremy,jtestinhj@earthlink.net,Kaduela,72
Belva,bducaenhk@mashable.com,Sukpak,28
Falito,fputtenhl@wikipedia.org,Maliang,38
Adoree,adakehm@weibo.com,Atlanta,90
Gilbert,gmacfadyenhn@jigsy.com,Bang Klam,43
Gwen,glenzho@about.me,Xue’an,85
Eachelle,egiovanihp@techcrunch.com,Matola,58
Vasili,vhennemannhq@jimdo.com,Caihe,38
Tess,twalfordhr@sogou.com,Cibeusi,83
Bennett,blarchierhs@newyorker.com,Kamieniec Podolski,75
Daryle,dkurdaniht@pagesperso-orange.fr,Mirões,72
Elmer,edunleyhu@nba.com,Dobra,41
Bettine,bzohrerhv@tripod.com,Diwopu,56
Farlee,fabbiehw@unc.edu,Toba,12
Moe,mmeadowshx@github.io,Aktogay,54
Myrle,mfrancesconihy@wordpress.com,Tawun,43
Maude,mchatreshz@jalbum.net,Borås,48
Raddy,rseidi0@goo.ne.jp,Nikopol’,56
Xavier,xpesici1@pinterest.com,Agen,98
Dahlia,descalei2@berkeley.edu,Cibolek Kidul,96
Gabrielle,gambroisini3@reverbnation.com,Pajeksan,63
Maximilien,mquinceei4@wordpress.com,Yanas,30
Elmo,espillmani5@pinterest.com,Nizhneivkino,57
Meris,mfinlateri6@comsenz.com,Fort Dauphin,9
Bern,btabneri7@guardian.co.uk,Velikiye Luki,72
Derron,dwitzi8@pen.io,Janas,69
Nani,npyeri9@mashable.com,Aleshtar,97
Cherish,cdandieia@reference.com,Jiamachi,35
Mathilde,mlondsdaleib@businesswire.com,Arboga,56
Even,esebleyic@eventbrite.com,Bilajari,74
Randi,rguilbertid@w3.org,Yakimovo,72
Clemmie,civankinie@weather.com,Heiheba,36
Gayla,gbartsif@purevolume.com,Saint-Lambert-de-Lauzon,40
Melitta,mknibleyig@woothemes.com,Yaozhuang,55
Burg,bpannamanih@lulu.com,Velyki Kopany,96
Hank,haubryii@washington.edu,Lüderitz,79
Sanson,sstockenij@bing.com,Basiao,64
Lawry,lmishik@bravesites.com,Opatów,66
Anson,agarlickil@businesswire.com,Ilangay,8
Anselm,aburbankim@marketwatch.com,Longnawang,99
Meryl,mrudhamin@dot.gov,Kónitsa,68
Ginger,gdeaveio@merriam-webster.com,Pesagen,57
Gwyn,gskechleyip@statcounter.com,Santa Cruz,83
Cherye,cpoadiq@about.com,Kotel’niki,67
Paloma,pgiblettir@webeden.co.uk,Lavrica,70
Mischa,mkleinsteinis@shop-pro.jp,Bantian,66
Bettina,bfilippovit@histats.com,Palenggihan,46
Lilias,lbirtwistleiu@merriam-webster.com,Ol Kalou,49
Ivor,iklugeriv@noaa.gov,Marulanda,20
Kliment,klentoniw@de.vu,Shuanghekou,75
Araldo,aeverixix@blinklist.com,Gérakas,50
Reeba,rcarmodyiy@cpanel.net,Rio das Pedras,42
Oliver,oalekseeviz@ameblo.jp,Altamira,3
Gayla,gcorcoranj0@blinklist.com,Malanów,87
Donia,dpinckstonej1@utexas.edu,Buzet,83
John,jmartelj2@amazonaws.com,Guadalupe,44
Bo,bpetrellij3@drupal.org,Abaeté,39
Roch,rgiddinsj4@liveinternet.ru,Krueng Luak,58
Neala,ntruckellj5@biblegateway.com,Kingscourt,78
Corenda,cmartinetj6@marriott.com,Hihyā,93
Johan,jsimnettj7@ask.com,Nguru,49
Trevar,tqualtroj8@ftc.gov,Harembo,100
Evonne,ejordansonj9@bing.com,Koblain,18
Jacqui,jwillgossja@google.pl,Hamburg,26
Roze,rshanklejb@blogspot.com,Saky,23
Theodore,tgorckejc@blog.com,São Roque,49
Jimmy,jcaltunjd@360.cn,Xinzheng,30
Galen,gwoodvineje@sciencedaily.com,He’an,61
Drusy,dspragingjf@acquirethisname.com,Mauren,76
Kale,kblancjg@mlb.com,Xinba,20
Inessa,idevaljh@wunderground.com,Winburg,40
Barri,bgilbrideji@spotify.com,Burgau,39
Killy,kizattjj@artisteer.com,Fort Lauderdale,59
Fabien,fburhilljk@economist.com,Panay,28
Adolph,atrevascusjl@tinyurl.com,Ganxi,96
Grant,gdowzelljm@java.com,Xiangquan,72
Regine,rholganjn@friendfeed.com,Haguimit,57
Rheta,rearlandjo@netvibes.com,Shizuoka-shi,64
Valida,vsussansjp@digg.com,Khŭjand,11
Marlyn,mgoldsteinjq@imageshack.us,Salvacion,77
Georgette,gdillestonjr@blogs.com,Bitin,9
Enriqueta,elangsdonjs@europa.eu,Biryulëvo Zapadnoye,45
Benoite,beptonjt@unblog.fr,Genova,93
Ninon,nprandiniju@amazonaws.com,Rancharia,68
Emili,erossjv@fotki.com,Pingxiang,22
Kaycee,kmorriartyjw@flavors.me,Tāklisah,7
Micheal,mgrabbjx@ehow.com,Gaxung,11
Constantino,cpowjy@bloglines.com,Fyllingsdalen,89
Kandy,khodintonjz@eepurl.com,Rettikhovka,61
Terra,tdavissonk0@bravesites.com,Chengjiao Chengguanzhen,90
Lon,lbunnk1@imdb.com,Raszków,53
Elmer,eduncank2@harvard.edu,Barreiros,90
Nissy,ngillaspyk3@vk.com,Dologon,24
Dar,dnivenk4@weebly.com,Hekou,53
Idette,idonovink5@studiopress.com,Xylókastro,80
Orazio,omacbarronk6@simplemachines.org,Sucre,37
Steffen,sgallandk7@hc360.com,Sakaraha,62
Diannne,ddicksk8@wikispaces.com,Toba Tek Singh,34
Rabbi,rcongreavek9@themeforest.net,Solnechnyy,67
Eal,eyoungloveka@hugedomains.com,Mabayo,99
Caresa,cbrecherkb@google.fr,Nubma,36
Mortimer,msprakeskc@wikipedia.org,Qidi,97
Theo,tsydallkd@typepad.com,Centenario,86
Ryon,rpedersenke@hatena.ne.jp,Oemofa,48
Helaina,hblackborowkf@wikia.com,Severobaykal’sk,1
Olia,ogearkg@yahoo.co.jp,Köyliö,11
Beth,blillistonekh@si.edu,Tarkwa,62
Allegra,adambrogioki@bravesites.com,Anticala,65
Delores,dlombardokj@topsy.com,Dumbéa,1
Jemmie,jharremakk@businessinsider.com,Sudo,21
Gustav,gparrykl@gizmodo.com,Barmash,50
Dulcinea,delvenkm@mac.com,Pulosari,48
Lilia,lhamlingtonkn@paypal.com,Kembangkerang Lauk Timur,96
Guthry,gstanlackko@macromedia.com,Batugede Kulon,60
Charleen,csutehallkp@blogspot.com,Rikitgaib,17
Nathalie,nwaszkiewiczkq@buzzfeed.com,Ordynskoye,59
Lorelei,lfarncombekr@toplist.cz,Paris 17,96
Kessiah,khradskyks@ovh.net,Sīlat al Ḩārithīyah,17
Aurel,alawrencekt@livejournal.com,Villa María,42
Claretta,csayleku@blogs.com,Alingsås,41
Merridie,moxladekv@ucoz.com,Nyanza,62
Kalil,kwemkw@msu.edu,Nantes,79
Leon,lstockingkx@nifty.com,Buyant,97
Myrtia,mgummieky@godaddy.com,Okakarara,88
Lil,lzoephelkz@dot.gov,Cao Thượng,41
Mar,mroggersl0@eepurl.com,Zhovti Vody,14
Leicester,lseamanl1@sun.com,Kranggan,52
Eleanora,efleuryl2@icq.com,Calinaoan Malasin,57
Ingelbert,iduchesnel3@stanford.edu,Al Qanāţir al Khayrīyah,100
Pooh,pallpressl4@adobe.com,Mazańcowice,32
Valle,vandrezl5@bloglovin.com,Baizhang,1
Cornela,cpipel6@tinyurl.com,Kham Sakae Saeng,6
Alecia,amccrachenl7@statcounter.com,Pappádos,97
Meg,mbecketl8@dailymail.co.uk,Cikuya,71
Lamond,lcadoganl9@tumblr.com,Chattanooga,93
Sonny,sdinesla@nih.gov,Qiaoshi,97
Darlleen,dpomroylb@theglobeandmail.com,Qŭshkŭpir,83
Nestor,nvereckerlc@csmonitor.com,Barrinha,25
Alyson,asuggeyld@t.co,Purabaya,93
Delinda,dbowartle@slate.com,Mataya,38
Binnie,bnerneylf@flavors.me,Ivyanyets,33
Leroi,lrowthornlg@cisco.com,Laojie,80
Basile,bpargiterlh@globo.com,Al Qadmūs,25
Rosina,rblunderfieldli@rediff.com,Choca do Mar,53
Adoree,agiovanninilj@foxnews.com,El Copey,34
Austen,abrownseylk@reddit.com,Veiga,21
Elsbeth,egemlbettll@home.pl,Działdowo,9
Lindsey,lbaldcocklm@360.cn,Sukamaju,9
Haze,hjarvilleln@cbc.ca,Jelah,85
Miltie,mjorylo@cbc.ca,Narol,3
Danell,dciccoloilp@seattletimes.com,Guolemude,30
Curran,cwhittletonlq@de.vu,Haitang,51
Jannelle,jdoutchlr@acquirethisname.com,Mytishchi,36
Rheta,rkettleyls@psu.edu,Dean,25
Jordana,jcasbournelt@blog.com,Wonosari,32
Barnie,bspringfordlu@mail.ru,Toulon,28
Thorpe,tdarnbroughlv@oaic.gov.au,Orzu,87
Pennie,pincelw@bandcamp.com,Shigu,95
Davidson,dsillwoodlx@behance.net,Nakamura,39
Shara,sgoreyly@wiley.com,Liufang,75
Townsend,tpaddefieldlz@webeden.co.uk,Gyōda,73
Wally,wharbordm0@ezinearticles.com,Laiguangying,16
Gratia,grivallantm1@twitter.com,Lens,74
Aguste,achipperfieldm2@naver.com,Xiangyangpu,100
Robina,rwhorltonm3@printfriendly.com,Jiḩānah,58
Brigid,bdaidm4@census.gov,Iwanuma,98
Franni,fthundermanm5@wunderground.com,Dong Liang’erzhuang,9
Tris,tleatm6@cbsnews.com,Wonorejo,9
Shawn,snarramorm7@is.gd,Pöytyä,78
Cello,craffm8@webeden.co.uk,Huasahuasi,100
Kelila,khumem9@java.com,Tombu,54
Lamond,lpetrescuma@hao123.com,Hemudu,18
Kendrick,kgarrattleymb@php.net,Adelaide Mail Centre,41
Pepi,praddenburymc@toplist.cz,Jawatiwa,1
Sianna,sdohrmannmd@imdb.com,Villa Bustos,42
Bearnard,bcottame@cnn.com,Kota Kinabalu,18
Edward,emingetmf@biglobe.ne.jp,Longguang,34
Adora,aduckmg@accuweather.com,Ponikiew,92
Aloysia,askeenemh@toplist.cz,Pretana,19
Boycie,brevillmi@engadget.com,Wanlongshan,71
Johna,jtuckermanmj@nba.com,Kisovec,80
Hersh,hhaggertymk@istockphoto.com,Madalum,88
Maddy,mnaryml@mayoclinic.com,Mbala,2
Carol-jean,cwhitecrossmm@hud.gov,Zhonghechang,75
Patrice,pyitzhakofmn@jigsy.com,Bhātpāra Abhaynagar,54
Nikki,nkenewelmo@elpais.com,Hampton,86
Edik,ehuncotemp@dailymotion.com,Stepnogorsk,67
Amalita,atomsonmq@purevolume.com,Tianyuan,73
Perle,pvellamr@whitehouse.gov,Luis Donaldo Colosio,94
Jessey,jstiegersms@ebay.co.uk,Qiucun,72
Jacklin,jgassmt@accuweather.com,Magoúla,99
Kalie,kconditmu@ebay.co.uk,Santa Maria do Souto,31
Ebony,ecraigmylemv@businessinsider.com,Keli,7
Haywood,hmcclenaghanmw@digg.com,Phong Điền,92
Clementine,cetchinghammx@google.es,Taber,81
Marve,marnemy@taobao.com,Hoolt,80
Tonye,tkerkhammz@aol.com,Sam Ngam,11
Zane,zfancyn0@devhub.com,Pajo,8
Celina,ceffnertn1@slashdot.org,Xinzhou,90
Tabatha,tdoggettn2@behance.net,Kalilangan,81
Britteny,bpennielln3@prnewswire.com,Yanagawa,55
Roderick,rgossonn4@patch.com,El Realejo,94
Nico,nwollrauchn5@amazon.co.jp,Cujillo,25
Barbie,bcuddonn6@spotify.com,Kamifukuoka,29
Kennedy,krosparsn7@pen.io,Banjar Ponggang,16
Bernardine,bbamseyn8@shop-pro.jp,Erdao,83
Celine,cmcloneyn9@networkadvertising.org,Independencia,81
Kyle,kperoccina@discovery.com,Matwaḩ,30
Salli,swallerbridgenb@virginia.edu,Muhoroni,99
Anastasia,adowngatenc@storify.com,Dimiao,14
Anabel,atenchnd@who.int,Krokeaí,63
Johnette,jjanuaryne@spotify.com,Alor Setar,82
Abelard,abenfieldnf@purevolume.com,Pskov,20
Ilysa,ihowsegong@technorati.com,Všemina,50
Arnoldo,abollernh@icio.us,Mogi das Cruzes,84
Mina,mlillieni@auda.org.au,Kamenka,26
Dunn,diveansnj@dion.ne.jp,Duwaktenggi,40
Nigel,nkemernk@ft.com,Chixi,41
Jena,jcloughernl@bandcamp.com,Itarana,36
Dru,doglesnm@accuweather.com,Tauca,95
Corrie,cpedlernn@bizjournals.com,San Jerónimo,100
Sterling,scrutcherno@bigcartel.com,Peso da Régua,55
Tiffi,tmcdonoghnp@google.co.uk,Lianran,2
Thornton,thuertasnq@vistaprint.com,Meniko,1
Karlan,kkidwellnr@chicagotribune.com,General Luna,96
Candace,celdridgens@wsj.com,Bondokodi,73
Charmine,cdeverillnt@imageshack.us,Likiep,42
Dev,dbacopnu@samsung.com,Gurupi,78
Jorry,jgosnallnv@irs.gov,Zhangping,91
Mirilla,mmackettnw@fotki.com,Jīroft,42
Kelwin,kormistonnx@wordpress.com,Mataloko,87
Kym,kklousnerny@1und1.de,Luchegorsk,89
Pepillo,pdisbrownz@vk.com,Santa Cruz de Yojoa,51
Nikki,nspuretto0@123-reg.co.uk,Tagakpan,96
Ganny,gfollando1@discuz.net,Bokaa,30
Domenic,divanino2@msu.edu,Solna,75
Berton,bedgerlyo3@imdb.com,Los Santos,21
Juliette,jwhibleyo4@sciencedirect.com,Buenos Aires,2
Riane,rsenescallo5@typepad.com,Ōmura,45
Emeline,ewhitterso6@geocities.jp,Floriano,39
Emalee,eowtramo7@skype.com,Mondlo,93
Nady,nbugbirdo8@apache.org,Polomolok,36
Gustave,ghumbleo9@rakuten.co.jp,Helong,1
Alvera,abickerstaffoa@cocolog-nifty.com,Yishi,37
Bondon,bbalsellieob@mozilla.com,Labo,40
Rafaellle,rturmalloc@friendfeed.com,Jingshan,84
Jarad,jclayillod@youtu.be,Cilebang Satu,23
Ciro,ctorettaoe@hud.gov,Falefa,47
Caril,cmarvenof@ft.com,Dizangué,100
Aldus,aandresenog@cbc.ca,Qingshan,28
Glen,gflagoh@webnode.com,Bordeaux,57
Alvan,acreddonoi@yellowpages.com,Skála,76
Kyle,kvangiffenoj@netscape.com,Nikopol,87
Glynnis,gostridgeok@spiegel.de,Al Manşūrah,74
Chad,cpetrelliol@exblog.jp,Pamoyanan,67
Carolyne,clesorom@google.ca,Krajan Karanganyar,2
Emalia,eoxburghon@hud.gov,Rodionovo-Nesvetaiskoye,51
Ennis,etruittoo@umich.edu,Shāhdādkot,37
Pat,pchiplenop@aol.com,Lulindi,95
Kalle,kwynteroq@imgur.com,Kotel’niki,96
Gwyn,gstolleryor@ifeng.com,Oropesa,33
Ernie,ejoinseyos@ftc.gov,Yasugichō,40
Dan,dcooperot@yahoo.co.jp,Sudoměřice,9
Shamus,sdavisou@army.mil,Itaparica,67
Cornelius,cboathov@examiner.com,Contraalmirante Cordero,56
Benito,blemmenow@pagesperso-orange.fr,Jiangzhang,29
Ertha,ehubeauxox@netscape.com,Satita,95
Aldon,apervewoy@etsy.com,Xiaoshanzi,53
Gwyneth,gmcgarrelloz@surveymonkey.com,Extrema,49
Seamus,sholdronp0@feedburner.com,Qianjin,92
Cal,cremerp1@ask.com,Szlachta,12
Dallon,dgianiellop2@slate.com,Shanxiahu,34
Kerrin,kmadinep3@feedburner.com,Santos Evos,71
Barbaraanne,bgiovanettip4@toplist.cz,Jianping,14
Karlis,klukep5@wufoo.com,Tapes,50
Aurea,ablackeyp6@drupal.org,Timpas,1
Michel,mricoldp7@digg.com,João Câmara,93
Fredia,ffurnessp8@blogs.com,Stříbro,33
Arman,adeaconp9@blogger.com,Gorzkowice,94
Preston,pscotchfordpa@zdnet.com,Ordem,75
Selby,stargetterpb@webeden.co.uk,Lyozna,89
Ransell,rbarwackpc@timesonline.co.uk,Veisiejai,13
Rawley,rdixceypd@webeden.co.uk,Nong Khai,46
Brunhilda,bavrasinpe@privacy.gov.au,Aoyang,53
Anatola,aboundypf@epa.gov,Huagu,36
Darius,dpeedellpg@stumbleupon.com,Dobryanka,51
Janette,jbonneyph@hao123.com,Gakem,99
Linea,lheatliepi@sitemeter.com,La Laguna,21
Eliot,efosdykepj@amazon.co.jp,Lian,55
Kearney,kspraggspk@nba.com,Wesoła,29
Addy,aprangerpl@gnu.org,Foluo,53
Penny,pbenedickpm@wufoo.com,Mwense,3
Sly,sodunniompn@wp.com,Borlänge,83
Cassi,cgiovannonipo@wisc.edu,Sukoanyar,55
Michel,mspellessypp@360.cn,Novyy Nekouz,45
Kissee,kjellybrandpq@rambler.ru,Jijiazhuang,72
Che,cklavespr@naver.com,Zhonghe,78
Nap,nallstonps@twitter.com,Flic en Flac,24
Vania,vfaropt@webmd.com,Duanshen,9
Deeann,djoutapaviciuspu@vimeo.com,Williston,98
Lois,llamingpv@dagondesign.com,Zhoutou,35
Raynard,rtemperleypw@paginegialle.it,Babakankadu,83
Joete,jhubbockspx@columbia.edu,Ganjaran,25
Brendan,bharbinpy@msu.edu,Sourotí,1
Ruddie,rgetleypz@prnewswire.com,Demuk,62
Anne-marie,adehoochq0@shutterfly.com,Bangbayang,35
Sid,slilbourneq1@google.com.au,Liucheng,51
Leigh,lkiddyq2@cargocollective.com,Changmaoling,86
Skye,sgiovannacciq3@w3.org,Tigil’,15
Francisco,fchellamq4@smh.com.au,Huaxian,23
Ingram,iskillicornq5@discuz.net,Chaparral,34
Budd,bfeoreq6@bbc.co.uk,Sop Moei,20
Lockwood,lborgneq7@walmart.com,Chokwé,4
Ed,ekelwayq8@archive.org,Połajewo,37
Fulton,frobardq9@paginegialle.it,Bantilan,24
Emmett,evandenboschqa@canalblog.com,Bytkiv,61
Sherri,sgarredqb@skyrock.com,Ash Shuqayrah,13
Constantia,ccookeqc@statcounter.com,Sa Kaeo,67
Brod,bbrentqd@slideshare.net,Káto Dhiminió,70
Katrinka,kabrahamsqe@cam.ac.uk,Witbank,48
Abba,abarrowcliffeqf@cbsnews.com,Braga,3
Olag,omelrossqg@phpbb.com,Coromoro,74
Cletus,cpedleyqh@epa.gov,Santo António das Areias,54
Oby,odrysdallqi@gmpg.org,Arkalyk,41
Elfrida,ebeadonqj@timesonline.co.uk,Pensacola,19
Pris,poganianqk@1und1.de,Kabaty,25
Haily,hmulvyql@simplemachines.org,Chabu,43
Rand,redgecombeqm@github.com,Hongyanxi,58
Wallas,wtoombsqn@paginegialle.it,Bazar-Korgon,96
Phil,ppriestmanqo@elegantthemes.com,Beitan,25
Scarlett,sshallcrassqp@nyu.edu,Zhinvali,24
Gawen,gelderidgeqq@vk.com,Kumalarang,83
Jeannette,jmitchelsonqr@seattletimes.com,Tierp,68
Penn,pdugallqs@stanford.edu,Gros Morne,48
Elijah,eimpletonqt@w3.org,Jangas,96
Carin,cchipchasequ@loc.gov,Tonghu,83
Sophi,sduckersqv@apple.com,Ciheras,74
Mallory,mwoollerqw@about.com,Pingtang,71
Lina,lmauserqx@tiny.cc,Bulungu,26
Meredeth,mharlyqy@craigslist.org,Siewierz,5
Tyson,tstaynesqz@woothemes.com,Zhaigang,98
Adamo,anovkovicr0@oakley.com,Courtaboeuf,24
Pebrook,praubenheimr1@stumbleupon.com,Dukhovshchina,66
Nancee,nmanwaringr2@gizmodo.com,Sirindhorn,1
Waly,wsillickr3@google.pl,Alor Setar,33
Regina,rdaintithr4@slashdot.org,Changyuan,97
Marjie,mpiddocker5@diigo.com,Heyu,26
Sampson,skordar6@devhub.com,Kayukembang,69
Maxie,mhabdenr7@1und1.de,Na Thawi,29
Krishnah,kdennittsr8@biglobe.ne.jp,Manzë,5
Christel,cdanieler9@google.co.jp,Yuzawa,85
Nicholle,nsennettra@google.fr,Khantaghy,30
Yorgo,ybroginirb@npr.org,Yangxi,86
Cordie,chendriksrc@independent.co.uk,Kaingiwa,49
Carleen,cwildmanrd@vk.com,Magburaka,88
Shanon,sleestutre@skyrock.com,Lokot’,90
Aloin,apaulonrf@fc2.com,Banjar Laing,59
Kikelia,kewbankrg@phoca.cz,Rzewnie,54
Valry,vmcwhirterrh@abc.net.au,Senhor da Serra,20
Archy,azapleri@ifeng.com,Anak,66
Wilow,wphillipsonrj@spiegel.de,Kebonsari,79
Caesar,cstovinrk@smh.com.au,Jinnan,10
Alida,ameasorrl@paginegialle.it,Forbach,77
Jacques,jblucherrm@i2i.jp,Blangpulo,26
Zabrina,zbyllamrn@tumblr.com,Carthage,68
Evelina,eodonnellro@cdbaby.com,Hutou,37
Nerty,nriggertrp@independent.co.uk,Nonggunong,22
Albertina,afouracrerq@wikimedia.org,Mastung,37
L;urette,ljoelrr@yolasite.com,San Roque,48
